{
  "type": "crafting_shapeless",
  "group": "concrete_powder",
  "priority": 1,
  "ingredients": [
    {
      "item": "minecraft:dye",
      "data": 4
    },
    {
      "item": "minecraft:sand",
      "data": 0
    },
    {
      "item": "minecraft:sand",
      "data": 0
    },
    {
      "item": "minecraft:sand",
      "data": 0
    },
    {
      "item": "minecraft:sand",
      "data": 0
    },
    {
      "item": "minecraft:gravel"
    },
    {
      "item": "minecraft:gravel"
    },
    {
      "item": "minecraft:gravel"
    },
    {
      "item": "minecraft:gravel"
    }
  ],
  "result": {
    "item": "minecraft:concrete_powder",
    "data": 11,
    "count": 8
  }
}